ticker,exchange_country,company_name,price,exchange_rate,shares_outstanding,net_income
1,HK,CK HUTCHISON HOLDINGS LTD,1.404816984,7.757949829,3859.677979,31633
2,HK,CLP HOLDINGS LTD,1.312602194,7.757949829,2526.450928,16319
3,HK,HONG KONG & CHINA GAS CO LTD,0.234939214,7.757949829,12717.04199,7546.200195
11,HK,HANG SENG BANK LTD,2.198193203,7.757949829,1911.843018,15451
16,HK,SUN HUNG KAI PROPERTIES LTD,1.546072011,7.757949829,2895,32666
66,HK,MTR CORP LTD,0.651215566,7.757949829,5881.209961,9926
267,HK,CITIC LTD,0.187419658,7.757949829,29090.26367,25339
386,HK,CHINA PETROLEUM & CHEMICAL CORP,0.10730991,6.643599987,121071.2109,26963
388,HK,HONG KONG EXCHANGES AND CLEARING LTD,3.125212641,7.757949829,1214.206055,6846
688,HK,CHINA OVERSEAS LAND & INVESTMENT LTD,0.407072869,7.757949829,9860.581055,36680.375
700,HK,TENCENT HOLDINGS LTD,3.416303948,6.643599987,9408.830078,34529
728,HK,CHINA TELECOM CORP LTD,0.067131696,6.643599987,80932,20747
762,HK,CHINA UNICOM HONG KONG LTD,0.155605677,6.643599987,23947,5001
883,HK,CNOOC LTD,0.18664855,6.643599987,44647.45703,-2222
939,HK,CHINA CONSTRUCTION BANK CORP,0.099657138,6.643599987,250010.9844,229660
941,HK,CHINA MOBILE LTD,1.71999953,6.643599987,20475.48242,111846
1038,HK,CHEUNG KONG INFRASTRUCTURE HOLDINGS LTD,1.165883254,7.757949829,2519.611084,11420
1088,HK,CHINA SHENHUA ENERGY CO LTD,0.311614748,6.643599987,19889.61914,15408
1113,HK,CHEUNG KONG PROPERTY HOLDINGS LTD,0.804176616,7.757949829,3845.498047,18829
1299,HK,AIA GROUP LTD,5.974739216,1,12049,2576
1928,HK,SANDS CHINA LTD,3.344875377,1,8070.133789,1275.524048
2202,HK,CHINA VANKE CO LTD,0.531585666,6.643599987,11039.15234,18624.4375
2317,TW,HON HAI PRECISION INDUSTRY CO LTD,0.072078594,32.25899887,17200.26367,136053.6563
2328,HK,PICC PROPERTY & CASUALTY CO LTD,0.235161988,6.643599987,14828,18073
2330,TW,TAIWAN SEMICONDUCTOR MANUFACTURING CO LTD,0.162621275,32.25899887,25930.38086,285454.2188
2388,HK,BOC HONG KONG HOLDINGS LTD,0.385473089,7.757949829,10572.78027,56140
2412,TW,CHUNGHWA TELECOM CO LTD,0.111950012,32.25899887,7757.446777,43982.80859
2628,HK,CHINA LIFE INSURANCE CO LTD,0.432456762,6.643599987,28264.70508,13605
2914,JP,JAPAN TOBACCO INC,0.435364286,102.5899963,1790.889038,521319
3328,HK,BANK OF COMMUNICATIONS CO LTD,0.112157101,6.643599987,74262.72656,66865
3382,JP,SEVEN & I HOLDINGS CO LTD,0.407800509,102.5899963,884.1740112,161852
3988,HK,BANK OF CHINA LTD,0.0691072,6.643599987,294378.0625,173136
4063,JP,SHIN-ETSU CHEMICAL CO LTD,0.57462531,102.5899963,425.9790039,156519
4452,JP,KAO CORP,0.565945095,102.5899963,501.6809998,
4502,JP,TAKEDA PHARMACEUTICAL CO LTD,0.425349995,102.5899963,781.0289917,155109
4503,JP,ASTELLAS PHARMA INC,0.154113186,102.5899963,2124.61499,215678
4528,JP,ONO PHARMACEUTICAL CO LTD,0.468152999,102.5899963,530.0200195,29206
4578,JP,OTSUKA HOLDINGS CO LTD,0.461602311,102.5899963,541.848999,61334
4661,JP,ORIENTAL LAND CO LTD/JAPAN,0.69096669,102.5899963,331.2720032,74687
4689,JP,YAHOO JAPAN CORP,0.042967344,102.5899963,5692.606934,173745
5108,JP,BRIDGESTONE CORP,0.322445524,102.5899963,783.2379761,262997
5387,KR,HYUNDAI MOTOR CO,0.108650559,1151.849976,207.0540009,6150676
5935,KR,SAMSUNG ELECTRONICS CO LTD,1.238761984,1151.849976,123.9589996,19638256
6178,JP,JAPAN POST HOLDINGS CO LTD,0.128915119,102.5899963,4115.953125,366464
6367,JP,DAIKIN INDUSTRIES LTD,0.81179787,102.5899963,292.0870056,148959
6503,JP,MITSUBISHI ELECTRIC CORP,0.114833993,102.5899963,2146.145996,225091
6505,TW,FORMOSA PETROCHEMICAL CORP,0.084082629,32.25899887,9525.959961,57769.23828
6758,JP,SONY CORP,0.284133915,102.5899963,1261.563965,86516
6837,HK,HAITONG SECURITIES CO LTD,0.32082649,6.643599987,11501.7002,9948.436523
6861,JP,KEYENCE CORP,6.587062817,102.5899963,60.63800049,138120
6902,JP,DENSO CORP,0.388851115,102.5899963,792.7910156,216493
6954,JP,FANUC CORP,1.653761998,102.5899963,193.8679962,139175
6981,JP,MURATA MANUFACTURING CO LTD,1.144917232,102.5899963,212.7400055,194891
7182,JP,JAPAN POST BANK CO LTD,0.13673803,102.5899963,3749.145996,313683
7201,JP,NISSAN MOTOR CO LTD,0.094053657,102.5899963,4071.410889,507421
7203,JP,TOYOTA MOTOR CORP,0.532088661,102.5899963,3011.309082,2218765
7267,JP,HONDA MOTOR CO LTD,0.245665158,102.5899963,1802.282959,333193
7270,JP,FUJI HEAVY INDUSTRIES LTD,0.33151401,102.5899963,780.3779907,431336
7751,JP,CANON INC,0.337974397,102.5899963,1092.071045,199523
8058,JP,MITSUBISHI CORP,0.170454749,102.5899963,1584.770996,-123505
8306,JP,MITSUBISHI UFJ FINANCIAL GROUP INC,0.045193462,102.5899963,13580.59082,862564
8316,JP,SUMITOMO MITSUI FINANCIAL GROUP INC,0.287535697,102.5899963,1367.222046,563103
8411,JP,MIZUHO FINANCIAL GROUP INC,0.01405527,102.5899963,25107.63086,645565
8766,JP,TOKIO MARINE HOLDINGS INC,0.320999709,102.5899963,754.9619751,262339
8802,JP,MITSUBISHI ESTATE CO LTD,0.178342519,102.5899963,1387.432007,87530
9020,JP,EAST JAPAN RAILWAY CO,0.904913079,102.5899963,388.7520142,246044
9022,JP,CENTRAL JAPAN RAILWAY CO,1.802653845,102.5899963,196.798996,346549
9432,JP,NIPPON TELEGRAPH & TELEPHONE CORP,0.469345587,102.5899963,2037.095947,788193
9433,JP,KDDI CORP,0.312536675,102.5899963,2479.998047,517621
9437,JP,NTT DOCOMO INC,0.278178195,102.5899963,3740.528076,586448
9983,JP,FAST RETAILING CO LTD,2.698654989,102.5899963,101.9560013,48673
9984,JP,SOFTBANK GROUP CORP,0.583246041,102.5899963,1132.301025,514947
15760,KR,KOREA ELECTRIC POWER CORP,0.045524499,1151.849976,641.9639893,14645778
500010,IN,HOUSING DEVELOPMENT FINANCE CORP LTD,0.274779899,67.49500275,1582,107828.8984
500112,IN,STATE BANK OF INDIA,0.048138678,67.49500275,7762.799805,76662.54688
500180,IN,HDFC BANK LTD,0.328139259,67.49500275,2528.187012,128013.3125
500209,IN,INFOSYS LTD,0.265772874,67.49500275,2285.633057,138960
500312,IN,OIL & NATURAL GAS CORP LTD,0.047513205,67.49500275,8555.490234,141238.0938
500325,IN,RELIANCE INDUSTRIES LTD,0.233792771,67.49500275,2950,285210
500696,IN,HINDUSTAN UNILEVER LTD,0.197127267,67.49500275,2163.937012,40824.19922
500875,IN,ITC LTD,0.05399977,67.49500275,12070.80957,99116.10156
524715,IN,SUN PHARMACEUTICAL INDUSTRIES LTD,0.167815931,67.49500275,2406.699951,62706.60156
532540,IN,TATA CONSULTANCY SERVICES LTD,0.559325632,67.49500275,1970.427979,248229.4063
533278,IN,COAL INDIA LTD,0.068750971,67.49500275,6316.359863,135752.5938
600016,CN,CHINA MINSHENG BANKING CORP LTD,0.191475054,6.643599987,36485,46556
600030,CN,CITIC SECURITIES CO LTD,0.36058543,6.643599987,12116.9082,12571.65137
600036,CN,CHINA MERCHANTS BANK CO LTD,0.385591215,6.643599987,25220,59951
601288,CN,AGRICULTURAL BANK OF CHINA LTD,0.070843753,6.643599987,324794,181415
601318,CN,PING AN INSURANCE GROUP CO OF CHINA LTD,0.700173516,6.643599987,18280,60330
601398,CN,INDUSTRIAL & COMMERCIAL BANK OF CHINA LTD,0.096375825,6.643599987,356407,278327
601601,CN,CHINA PACIFIC INSURANCE GROUP CO LTD,0.580147614,6.643599987,9062,12575
601766,CN,CRRC CORP LTD,0.195977407,6.643599987,27288.75781,11914.29102
601800,CN,CHINA COMMUNICATIONS CONSTRUCTION CO LTD,0.217369074,6.643599987,16174.73535,16274
601857,CN,PETROCHINA CO LTD,0.156772302,6.643599987,183021,10642
601998,CN,CHINA CITIC BANK CORP LTD,0.111558116,6.643599987,48934.79688,42172
AAPL,US,APPLE INC,97.09360645,1,5393.165039,47797
ABBN,CH,ABB LTD,21.35872367,1,2126.999023,1687
ABBV,US,ABBVIE INC,61.48485725,1,1628.541992,5720
ABEV3,BR,AMBEV SA,1.854540317,3.203749895,15698.48926,11917.4707
ABF,GB,ASSOCIATED BRITISH FOODS PLC,48.5901298,0.748049974,791.6740112,746
ABI,BE,ANHEUSER-BUSCH INBEV SA/NV,130.6478157,1,1608.241943,3948
ABT,US,ABBOTT LABORATORIES,39.28746104,1,1469.994995,2278
ABX,CA,BARRICK GOLD CORP,21.23451372,1,1165.331055,-2831
ACA,FR,CREDIT AGRICOLE SA,9.351178842,0.900129974,2803.120117,3197
ACN,US,ACCENTURE PLC,114.5447605,1,644.7319946,3780.293945
ADBE,US,ADOBE SYSTEMS INC,95.65924079,1,498.9719849,895.5510254
ADM,US,ARCHER-DANIELS-MIDLAND CO,43.22710187,1,583,1484
ADP,US,AUTOMATIC DATA PROCESSING INC,91.83669796,1,455.7000122,1492.5
ADS,DE,ADIDAS AG,171.9013192,0.900129974,200.1970062,909
AEP,US,AMERICAN ELECTRIC POWER CO INC,70.04015501,1,491.6629944,1991.300049
AET,US,AETNA INC,122.0603841,1,350.7999878,2398.300049
AFL,US,AFLAC INC,72.8412894,1,410.1149902,2576
AGN,US,ALLERGAN PLC,230.948087,1,395.7999878,4424.299805
AI,FR,AIR LIQUIDE SA,113.758225,0.900129974,352.5690002,1717.599976
AIG,US,AMERICAN INTERNATIONAL GROUP INC,54.66539607,1,1082.688965,-342
AIR,FR,AIRBUS GROUP SE,63.86894537,0.900129974,772.3980103,2933
ALL,US,ALLSTATE CORP/THE,70.58487933,1,371,1656
ALV,DE,ALLIANZ SE,158.2715659,0.900129974,457,6061
ALXN,US,ALEXION PHARMACEUTICALS INC,116.6538632,1,224.223999,89.95600128
AMAT,US,APPLIED MATERIALS INC,23.9731674,1,1089,1271
AMGN,US,AMGEN INC,152.6207451,1,748.9000244,7433
AMT,US,AMERICAN TOWER CORP,113.4400348,1,425.2609863,798.4099731
AMX L,MX,AMERICA MOVIL SAB DE CV,0.033252483,18.44924927,65564,25277.78125
AMZN,US,AMAZON.COM INC,712.3407833,1,474,1931
ANTM,US,ANTHEM INC,131.2396965,1,263.1539917,2319.300049
ANZ,AU,AUSTRALIA & NEW ZEALAND BANKING GROUP LTD,13.4791496,1.343000054,2894.560059,6725
AON,US,AON PLC,108.8691177,1,265.7999878,1466
APC,US,ANADARKO PETROLEUM CORP,53.24235201,1,510.5,-5211
APD,US,AIR PRODUCTS & CHEMICALS INC,141.7324843,1,216.5500031,581.5999756
ASML,NL,ASML HOLDING NV,109.0920798,0.900129974,433.3330078,1182.5
ATCO B,SE,ATLAS COPCO AB,2.974963442,8.472700119,1216.232056,10927
ATD.B,CA,ALIMENTATION COUCHE-TARD INC,42.7986483,1,567.5900269,1193.5
ATVI,US,ACTIVISION BLIZZARD INC,39.55330157,1,741.2730103,749
AVB,US,AVALONBAY COMMUNITIES INC,180.1923297,1,137.3130035,796.9450073
AVGO,US,BROADCOM LTD,155.677333,1,394.8139954,-140
AXP,US,AMERICAN EXPRESS CO,62.47002111,1,925,5606
AZN,GB,ASTRAZENECA PLC,59.71525329,1,1264.572998,2221
AZO,US,AUTOZONE INC,786.6025214,1,29.50099945,1215.376953
BA,US,BOEING CO/THE,132.1843684,1,625.8579712,3715
BABA,US,ALIBABA GROUP HOLDING LTD,11.9708076,6.643599987,2495.300049,48167
BAC,US,BANK OF AMERICA CORP,13.34161168,1,10216.78125,14756
BAM.A,CA,BROOKFIELD ASSET MANAGEMENT INC,33.87330295,1,958.992981,1409
BARC,GB,BARCLAYS PLC,2.476572787,0.748049974,16913,-501
BAS,DE,BASF SE,84.88163144,0.900129974,918.4790039,4027
BATS,GB,BRITISH AMERICAN TOBACCO PLC,86.54723938,0.748049974,1864.313965,4316
BAX,US,BAXTER INTERNATIONAL INC,46.04548315,1,542.3619995,4798
BAYN,DE,BAYER AG,111.4147168,0.900129974,826.947998,4546
BBCA,ID,BANK CENTRAL ASIA TBK PT,7.63E-05,13212.5,24655.00977,19053496
BBDC4,BR,BANCO BRADESCO SA,2.552358662,3.203749895,5531.884766,16727.58984
BBT,US,BB&T CORP,35.50281519,1,814.5,2216
BBVA,ES,BANCO BILBAO VIZCAYA ARGENTARIA SA,6.250046854,0.900129974,6480.35791,1715
BCE,CA,BCE INC,36.22512729,1.298699975,869.5089722,2867
BDX,US,BECTON DICKINSON AND CO,169.0133694,1,212.9259949,1138
BEI,DE,BEIERSDORF AG,116.0678486,0.900129974,226.8190002,676
BHP,AU,BHP BILLITON LTD,13.19909218,1,5322.442871,-6385
BIDU,US,BAIDU INC,24.83342635,6.643599987,346.6000061,31953.5332
BIIB,US,BIOGEN INC,241.7432867,1,219.1210022,3817.922119
BK,US,BANK OF NEW YORK MELLON CORP/THE,39.19235845,1,1067.67395,3216
BLK,US,BLACKROCK INC,346.8991645,1,162.8760071,3150
BLT,GB,BHP BILLITON PLC,13.45949168,1,5322.769043,-6385
BMO,CA,BANK OF MONTREAL,48.5349352,1.298699975,643.5570068,4424
BMW3,DE,BAYERISCHE MOTOREN WERKE AG,80.57281272,0.900129974,656.8049927,6686
BMY,US,BRISTOL-MYERS SQUIBB CO,73.82895652,1,1663,2929
BN,FR,DANONE SA,83.22656626,0.900129974,616.7620239,1746
BNP,FR,BNP PARIBAS SA,49.10488213,0.900129974,1245.475952,6865
BNS,CA,BANK OF NOVA SCOTIA/THE,37.5365603,1.298699975,1202.732056,6859
BP.,GB,BP PLC,5.920229699,1,18777.15625,-5263
BRK.B,US,BERKSHIRE HATHAWAY INC,217045.4614,1,1.644000053,25496
BSX,US,BOSTON SCIENTIFIC CORP,23.33848855,1,1358.698975,-345
BT.A,GB,BT GROUP PLC,8.724073448,0.748049974,8337.611328,2665
C,US,CITIGROUP INC,42.82121593,1,2905.374023,15125
CAH,US,CARDINAL HEALTH INC,78.93432161,1,322,1427
CAT,US,CATERPILLAR INC,76.01434015,1,582.3220215,1102
CB,US,CHUBB LTD,130.5597655,1,465.0130005,2376
CBA,AU,COMMONWEALTH BANK OF AUSTRALIA,41.3313982,1.343000054,1711.062012,9227
CBS.A,US,CBS CORP,55.61569419,1,446,1583
CCI,US,CROWN CASTLE INTERNATIONAL CORP,101.4293034,1,337.5620117,378.7390137
CCL,GB,CARNIVAL PLC,44.77632132,1,745,2233
CCL,US,CARNIVAL CORP,44.61103188,1,745,2233
CDI,FR,CHRISTIAN DIOR SE,#DIV/0!,0.900129974,,1600
CELG,US,CELGENE CORP,98.57929436,1,775,1925.800049
CFR,CH,CIE FINANCIERE RICHEMONT SA,65.81650676,0.900129974,564.5999756,2227
CHTR,US,CHARTER COMMUNICATIONS INC,224.8719488,1,270.928009,2811
CI,US,CIGNA CORP,128.0404622,1,256.4119873,2002
CIEL3,BR,CIELO SA,3.306856751,3.203749895,2258.568115,3714.695068
CL,US,COLGATE-PALMOLIVE CO,73.32518822,1,891.492981,1401
CM,CA,CANADIAN IMPERIAL BANK OF COMMERCE/CANADA,57.53157844,1.298699975,394.6789856,3662
CMCSA,US,COMCAST CORP,65.60542913,1,2411.825928,8129
CME,US,CME GROUP INC,#DIV/0!,1,,
CNQ,CA,CANADIAN NATURAL RESOURCES LTD,23.59359429,1.298699975,1099.223022,-424
CNR,CA,CANADIAN NATIONAL RAILWAY CO,45.59343601,1.298699975,773.2999878,3598
COF,US,CAPITAL ONE FINANCIAL CORP,64.28510201,1,505.9249878,3989
CON,DE,CONTINENTAL AG,210.5330089,0.900129974,200.0059967,2917.600098
COP,US,CONOCOPHILLIPS,43.59585102,1,1238.505005,-7061
COST,US,COSTCO WHOLESALE CORP,156.9316613,1,438.3680115,2338
CPG,GB,COMPASS GROUP PLC,25.38881543,0.748049974,1643.96106,907
CRG,IE,CRH PLC,31.90436178,0.900129974,829.6619873,957
CRM,US,SALESFORCE.COM INC,79.41000923,1,677.5,-12.75899982
CS,FR,AXA SA,22.04783683,0.900129974,2416.218994,5747
CSCO,US,CISCO SYSTEMS INC,28.66556168,1,5034,10245
CSL,AU,CSL LTD,83.56732569,1,456.6090088,1242.400024
CSX,US,CSX CORP,26.35227284,1,945.9910278,1774
CTSH,US,COGNIZANT TECHNOLOGY SOLUTIONS CORP,57.10518238,1,607.2999878,1514.199951
CVS,US,CVS HEALTH CORP,96.55106366,1,1065,4814
CVX,US,CHEVRON CORP,104.728994,1,1886.52002,-746
D,US,DOMINION RESOURCES INC/VA,77.83127152,1,617,1926
D05,SG,DBS GROUP HOLDINGS LTD,8.700227966,1.345900059,2521.863037,4322
DAI,DE,DAIMLER AG,66.46584603,0.900129974,1069.800049,7974
DAL,US,DELTA AIR LINES INC,37.53346022,1,748.90802,4787
DANSKE,DK,DANSKE BANK A/S,4.015697646,6.696800232,958.0809937,13067
DD,US,EI DU PONT DE NEMOURS & CO,64.78139122,1,874.21698,2228
DE,US,DEERE & CO,81.03996653,1,314.2590027,1612.599976
DG,FR,VINCI SA,78.57619482,0.900129974,594.8809814,2147
DG,US,DOLLAR GENERAL CORP,94.00009423,1,283.7780151,1206.968994
DGE,GB,DIAGEO PLC,34.07983741,0.748049974,2754,2244
DHR,US,DANAHER CORP,101.0140062,1,688.5999756,3545.899902
DIS,US,WALT DISNEY CO/THE,93.35715076,1,1700,9115
DISH,US,DISH NETWORK CORP,52.38401249,1,464.855011,870.9379883
DOW,US,DOW CHEMICAL CO/THE,49.66451988,1,1126.829956,8449
DPW,DE,DEUTSCHE POST AG,31.39081983,0.900129974,1205.271973,1899
DTE,DE,DEUTSCHE TELEKOM AG,#DIV/0!,0.900129974,,
DUK,US,DUKE ENERGY CORP,85.76422464,1,689,2612
EA,US,ELECTRONIC ARTS INC,75.85648748,1,301,1154
EBAY,US,EBAY INC,23.75958446,1,1132,1933
ECL,US,ECOLAB INC,119.2935503,1,291.6000061,955.9000244
ED,US,CONSOLIDATED EDISON INC,80.48244115,1,304,1146
EDF,FR,ELECTRICITE DE FRANCE SA,13.53930275,0.900129974,2013.250977,754
EI,FR,ESSILOR INTERNATIONAL SA,148.6104607,0.900129974,215.2330017,785
EIX,US,EDISON INTERNATIONAL,77.67005845,1,325.8110046,1007
EL,US,ESTEE LAUDER COS INC/THE,91.38576886,1,367.7600098,1114.599976
EMR,US,EMERSON ELECTRIC CO,52.15578824,1,643.4030151,1845
ENB,US,ENBRIDGE INC,32.27969631,1.298699975,934,1573
ENEL,IT,ENEL SPA,4.912162132,0.900129974,10166.67969,2197
ENGI,FR,ENGIE SA,17.9084091,0.900129974,2435.284912,-4491
ENI,IT,ENI SPA,18.08519755,0.900129974,3601.139893,-10616
EOG,US,EOG RESOURCES INC,83.36660065,1,550.6290283,-5124.369141
EQIX,US,EQUINIX INC,378.7511978,1,71.07499695,65.46299744
EQR,US,EQUITY RESIDENTIAL,68.87079891,1,365.5509949,4207.774902
ERIC B,SE,TELEFONAKTIEBOLAGET LM ERICSSON,0.912630156,8.472700119,3262,13689
ESRX,US,EXPRESS SCRIPTS HOLDING CO,76.08097357,1,630.2000122,2682
ETISALAT,AE,EMIRATES TELECOMMUNICATIONS GROUP CO PJSC,1.404571183,3.673099995,8696.753906,8866.741211
ETN,US,EATON CORP PLC,60.16349045,1,454.7000122,1873
EXC,US,EXELON CORP,36.32369187,1,922.6160278,1378
F,US,FORD MOTOR CO,12.56871644,1,3973.240967,8986
FB,US,FACEBOOK INC,113.8939787,1,2870,5999
FDX,US,FEDEX CORP,152.7971001,1,266.6369934,1820
FEMSA UBD,MX,FOMENTO ECONOMICO MEXICANO SAB DE CV,0.47123434,18.44924927,3578.226074,18482.58789
FIS,US,FIDELITY NATIONAL INFORMATION SERVICES INC,73.55697511,1,327,456.3999939
FISV,US,FISERV INC,109.5826338,1,220.6000061,908
FME,DE,FRESENIUS MEDICAL CARE AG & CO KGAA,#DIV/0!,1,,
FOXA,US,TWENTY-FIRST CENTURY FOX INC,27.48873994,1,1869.822998,2755
FP,FR,TOTAL SA,53.53725438,0.900129974,2503.261963,3147
FRE,DE,FRESENIUS SE & CO KGAA,81.85021385,0.900129974,546.2789917,1471
GAZP,RU,GAZPROM PJSC,0.035227261,63.87749863,22977,718312
GD,US,GENERAL DYNAMICS CORP,139.2400011,1,305.6470032,2966
GE,US,GENERAL ELECTRIC CO,32.30350873,1,8961.233398,11888
GGP,US,GENERAL GROWTH PROPERTIES INC,29.7717483,1,884.6279907,695.617981
GILD,US,GILEAD SCIENCES INC,83.47149113,1,1331,16346
GIS,US,GENERAL MILLS INC,71.34640756,1,596.7999878,1697.400024
GLE,FR,SOCIETE GENERALE SA,35.18451559,0.900129974,799.21698,4167
GLEN,GB,GLENCORE PLC,2.067330085,1,14227.50977,-4657
GM,US,GENERAL MOTORS CO,27.23566162,1,1600,12444
GOOGL,US,ALPHABET INC,697.1745083,1,686.7780151,17986
GS,US,GOLDMAN SACHS GROUP INC/THE,158.6690748,1,406.5920105,5148
GSK,GB,GLAXOSMITHKLINE PLC,28.73727017,0.748049974,4861,31
GWO,US,GREAT-WEST LIFECO INC,20.24511152,1.298699975,991.15802,2818
HAL,US,HALLIBURTON CO,45.25129451,1,860,-5702
HCA,US,HCA HOLDINGS INC,79.23723385,1,380.0620117,2383
HCN,US,WELLTOWER INC,76.02203061,1,357.6900024,724.8250122
HD,US,HOME DEPOT INC/THE,127.5881903,1,1245,7233
HEIA,NL,HEINEKEN NV,102.1556166,0.900129974,576.0029907,1334
HEIO,NL,HEINEKEN HOLDING NV,90.29505666,0.900129974,288.0299988,677
HEN3,DE,HENKEL AG & CO KGAA,128.4336002,0.900129974,430.5979919,2016
HM B,SE,HENNES & MAURITZ AB,3.433786094,8.472700119,1655.072021,18734
HMSP,ID,HANJAYA MANDALA SAMPOERNA TBK PT,2.18E-05,13212.5,116318.0781,11499548
HON,US,HONEYWELL INTERNATIONAL INC,116.5096415,1,760.875,4926
HPE,US,HEWLETT PACKARD ENTERPRISE CO,17.60993579,1,1724,2233
HSBA,GB,HSBC HOLDINGS PLC,6.228046692,1,19813,10816
HSY,US,HERSHEY CO/THE,113.0892579,1,214.1289978,498.04599
HUM,US,HUMANA INC,179.8433899,1,149.0670013,960
IBE,ES,IBERDROLA SA,7.512644665,0.900129974,6240,2372.37793
IBM,US,INTERNATIONAL BUSINESS MACHINES CORP,152.4338872,1,955.8439941,11931
ICE,US,INTERCONTINENTAL EXCHANGE INC,256.0581671,1,119,1402
IMB,GB,IMPERIAL BRANDS PLC,72.43840767,0.748049974,958.7109985,1128
IMO,US,IMPERIAL OIL LTD,24.22634229,1.298699975,848,299
INGA,NL,ING GROEP NV,11.33188231,0.900129974,3870.5,3434
INTC,US,INTEL CORP,32.84172897,1,4716,11474
INTU,US,INTUIT INC,111.385053,1,256.3880005,1033
INVE B,SE,INVESTOR AB,3.91197092,8.472700119,763.8220215,-14401
ISPR,IT,INTESA SANPAOLO SPA,2.093567919,0.900129974,16792.07031,2442
ISRG,US,INTUITIVE SURGICAL INC,653.8573966,1,38.5,678.2000122
ITUB4,BR,ITAU UNIBANCO HOLDING SA,2.718912768,3.203749895,6029.726074,25932
ITW,US,ILLINOIS TOOL WORKS INC,105.4541932,1,354.9599915,1954
ITX,ES,INDUSTRIA DE DISENO TEXTIL SA,36.91526253,0.900129974,3116.6521,2908
J36,SG,JARDINE MATHESON HOLDINGS LTD,131.2336333,1,316,2072
J37,SG,JARDINE STRATEGIC HOLDINGS LTD,57.42842549,1,585,2293
JD,US,JD.COM INC,3.064121385,6.643599987,1443.311035,-9319.485352
JNJ,US,JOHNSON & JOHNSON,121.25324,1,2751.705078,15381
JPM,US,JPMORGAN CHASE & CO,62.90861944,1,3611.981934,23958
K,US,KELLOGG CO,81.66125557,1,350,562
KHC,US,KRAFT HEINZ CO/THE,88.51015736,1,1215.541016,1784
KMB,US,KIMBERLY-CLARK CORP,137.6435068,1,359.7000122,1961
KMI,US,KINDER MORGAN INC/DE,18.73869235,1,2229.330078,262
KNEBV,FI,KONE OYJ,52.18650441,0.900129974,512.8289795,1083.5
KO,US,COCA-COLA CO/THE,#DIV/0!,1,,7617
KR,US,KROGER CO/THE,37.10247576,1,941,2100
LBTYK,US,LIBERTY GLOBAL PLC,27.44454197,1,986.6799927,-418
LHN,CH,LAFARGEHOLCIM LTD,42.81008019,0.97420001,605.5709839,-1749
LIN,DE,LINDE AG,155.9571302,0.900129974,185.6380005,1202
LKOH,RU,LUKOIL PJSC,0.784773991,63.87749863,712.9329834,
LLOY,GB,LLOYDS BANKING GROUP PLC,0.967514569,0.748049974,71349,1780
LLY,US,ELI LILLY & CO,78.74957803,1,1103.843018,2465.899902
LMT,US,LOCKHEED MARTIN CORP,249.4374753,1,302.9060059,3613
LNKD,US,LINKEDIN CORP,189.2022819,1,134.7230072,-214.0399933
LOW,US,LOWE'S COS INC,78.47081236,1,894,2757
LUV,US,SOUTHWEST AIRLINES CO,40.37661866,1,620.2329712,2451
LUX,IT,LUXOTTICA GROUP SPA,54.34418604,0.900129974,479.5119934,774.6890259
LVS,US,LAS VEGAS SANDS CORP,43.48922905,1,794.7329712,1633.272949
LYB,US,LYONDELLBASELL INDUSTRIES NV,75.72340747,1,419.3819885,4101
MA,US,MASTERCARD INC,88.19625969,1,1097,3809
MAERSK B,DK,AP MOELLER - MAERSK A/S,1280.482042,1,20.73699951,-1505
MC,FR,LVMH MOET HENNESSY LOUIS VUITTON SE,169.3018376,0.900129974,503.2999878,3704
MCD,US,MCDONALD'S CORP,123.8033333,1,853.2999878,4706.899902
MCK,US,MCKESSON CORP,186.397072,1,226,2224
MDLZ,US,MONDELEZ INTERNATIONAL INC,45.42230988,1,1555.057007,7555
MDT,US,MEDTRONIC PLC,86.57695873,1,1399.017944,3538
MET,US,METLIFE INC,39.82539096,1,1098.793945,4348
MFC,US,MANULIFE FINANCIAL CORP,10.47304992,1.298699975,1973,2617
MMC,US,MARSH & MCLENNAN COS INC,68.74821385,1,519.0479736,1651
MMM,US,3M CO,175.7326668,1,604.4000244,4900
MNST,US,MONSTER BEVERAGE CORP,171.4343712,1,190.3410034,661.4110107
MO,US,ALTRIA GROUP INC,69.04536824,1,1954.005981,5645
MON,US,MONSANTO CO,103.4217196,1,437.526001,1032
MRK,US,MERCK & CO INC,57.65996492,1,2765.626953,5132
MRK,DE,MERCK KGAA,113.0043589,0.900129974,434.7780151,1392.699951
MS,US,MORGAN STANLEY,26.24441067,1,1917.509033,4642
MSFT,US,MICROSOFT CORP,51.51384398,1,7808,16798
MUV2,DE,MUENCHENER RUECKVERSICHERUNGS-GESELLSCHAFT AG IN MUENCHEN,186.631452,0.900129974,160.4519959,2651
NAB,AU,NATIONAL AUSTRALIA BANK LTD,14.42532572,1.343000054,2585.428955,1156
NDA,SE,NORDEA BANK AB,9.331404824,0.900129974,4034.800049,3406
NEE,US,NEXTERA ENERGY INC,130.2436164,1,462,2562
NESN,CH,NESTLE SA,79.18314523,0.97420001,3112.159912,8649
NFLX,US,NETFLIX INC,91.38906474,1,428.7250061,141.022995
NG.,GB,NATIONAL GRID PLC,18.70204083,0.748049974,3924,2591
NKE,US,NIKE INC,55.28932261,1,1682,3760
NOC,US,NORTHROP GRUMMAN CORP,224.1364624,1,178.9570007,2048
NOKIA,FI,NOKIA OYJ,6.370479563,0.900129974,5771.569824,764
NOVN,CH,NOVARTIS AG,90.76841717,1,2381.220947,6757
NOVO B,DK,NOVO NORDISK A/S,7.984902447,6.696800232,2550,36064
NPN,ZA,NASPERS LTD,152.8846554,1,438.8269959,994.1450195
NSC,US,NORFOLK SOUTHERN CORP,85.76447354,1,293.5499878,1605
NTES,US,NETEASE INC,29.08369136,6.643599987,131.477005,9183.160156
NVDA,US,NVIDIA CORP,47.0099997,1,534,675
NVTK,RU,NOVATEK OJSC,0.16060131,63.87749863,3018.899902,163252
NWL,US,NEWELL BRANDS INC,48.14209571,1,482.2000122,323.1000061
NXPI,US,NXP SEMICONDUCTORS NV,79.13149905,1,342.5419922,1235
O39,SG,OVERSEA-CHINESE BANKING CORP LTD,4.797498182,1.345900059,4183.055176,3603.106934
OR,FR,L'OREAL SA,214.0423457,0.900129974,559.1560059,2894.300049
ORA,FR,ORANGE SA,18.09048676,0.900129974,2659.5979,4721
ORCL,US,ORACLE CORP,40.84806192,1,4131,8901
ORLY,US,O'REILLY AUTOMOTIVE INC,275.5968735,1,94.88200378,998.0120239
OXY,US,OCCIDENTAL PETROLEUM CORP,75.54174969,1,763.9260254,-7848
PCG,US,PG&E CORP,63.65044394,1,498.1430054,768
PCLN,US,PRICELINE GROUP INC/THE,1252.481911,1,49.47800064,2656.062988
PEG,US,PUBLIC SERVICE ENTERPRISE GROUP INC,46.69578048,1,505,1406
PEP,US,PEPSICO INC,106.1912192,1,1441,5187
PETR4,BR,PETROLEO BRASILEIRO SA,1.033946078,3.203749895,13044.49707,-41573
PFE,US,PFIZER INC,35.21000103,1,6064.849121,8386
PG,US,PROCTER & GAMBLE CO/THE,84.47488756,1,2668,10508
PHIA,NL,KONINKLIJKE PHILIPS NV,28.27084197,0.900129974,927.315979,726
PLD,US,PROLOGIS INC,48.91143126,1,526.4609985,867.4539795
PM,US,PHILIP MORRIS INTERNATIONAL INC,101.7160262,1,1551.324951,6509
PNC,US,PNC FINANCIAL SERVICES GROUP INC/THE,82.43399785,1,493,3953
PPG,US,PPG INDUSTRIES INC,104.064505,1,266.2820129,1464
PPL,US,PPL CORP,37.92300131,1,673.8569946,1756
PRU,GB,PRUDENTIAL PLC,22.4340932,0.748049974,2579.033936,1828
PRU,US,PRUDENTIAL FINANCIAL INC,71.87024248,1,438.7390137,4457
PSA,US,PUBLIC STORAGE,256.0093877,1,173.0980072,1375.589966
PSX,US,PHILLIPS 66,79.75463832,1,522.848999,3109
PTT,TH,PTT PCL,0.253478291,35.13999939,2856.300049,22154.7793
PX,US,PRAXAIR INC,112.4029649,1,285.2319946,1578
PXD,US,PIONEER NATURAL RESOURCES CO,150.5077146,1,169.602005,-512
PYPL,US,PAYPAL HOLDINGS INC,36.66204626,1,1207,1356
QCOM,US,QUALCOMM INC,53.42144539,1,1473,5167
QNBK,QA,QATAR NATIONAL BANK SAQ,10.55881799,3.641299963,839.6749878,11923.48828
RAI,US,REYNOLDS AMERICAN INC,53.93001305,1,1427.340942,5297
RB.,GB,RECKITT BENCKISER GROUP PLC,133.8431924,0.748049974,705.0789795,1560
RBS,GB,ROYAL BANK OF SCOTLAND GROUP PLC,3.066927309,0.748049974,11755,-2252
RDSB,GB,ROYAL DUTCH SHELL PLC,27.46111696,1,8071.38623,-4818
REGN,US,REGENERON PHARMACEUTICALS INC,336.5302263,1,109.0439987,727.3460083
REL,GB,RELX PLC,24.96213314,0.748049974,2055.399902,1102
REN,NL,RELX NV,20.62070368,0.900129974,2055.399902,1102
RI,FR,PERNOD RICARD SA,123.5443762,0.900129974,265.4219971,1235
RIO,GB,RIO TINTO PLC,31.50054378,1,1798.800049,41
RIO,AU,RIO TINTO LTD,30.66289118,1,1798.800049,41
RMS,FR,HERMES INTERNATIONAL,415.8691197,0.900129974,105.5690002,1035.5
ROG,CH,ROCHE HOLDING AG,273.548734,0.97420001,852.2069702,9087
ROSN,GB,ROSNEFT PJSC,0.084381673,63.87749863,10598,268000
RTN,US,RAYTHEON CO,135.9408538,1,297,1952
RY,US,ROYAL BANK OF CANADA,45.26209082,1.298699975,1488.218994,10004
SAB,GB,SABMILLER PLC,58.83475076,1,1610.641968,2699
SAF,FR,SAFRAN SA,75.29334933,0.900129974,416.446991,1587
SAN,FR,SANOFI,92.45800429,0.900129974,1287.105957,4207
SAN,ES,BANCO SANTANDER SA,4.232111079,0.900129974,14434.49316,4616
SAP,DE,SAP SE,83.21054581,0.900129974,1228.504028,3572
SBERP,RU,SBERBANK OF RUSSIA PJSC,0.032595285,63.87749863,21587,401100
SBUX,US,STARBUCKS CORP,57.06157418,1,1466.400024,2669.300049
SCHW,US,CHARLES SCHWAB CORP/THE,25.28738497,1,1322.873047,1656
SCMN,CH,SWISSCOM AG,508.6050102,0.97420001,51.80199814,1366
SE,US,SPECTRA ENERGY CORP,36.62527862,1,701,294
SHB B,SE,SVENSKA HANDELSBANKEN AB,1.419080216,8.472700119,1935.847046,16494
SHP,GB,SHIRE PLC,61.4715808,1,906.9000244,990.2999878
SHW,US,SHERWIN-WILLIAMS CO/THE,294.5397084,1,92.22200012,1097.699951
SIE,DE,SIEMENS AG,109.6020401,0.900129974,881,5256
SLB,US,SCHLUMBERGER LTD,79.09292437,1,1391,-1686
SO,US,SOUTHERN CO/THE,53.47913083,1,941.2000122,2373
SPG,US,SIMON PROPERTY GROUP INC,213.5763034,1,314.2319946,1752.026001
SPGI,US,S&P GLOBAL INC,107.6258048,1,263.8999939,1177
SRE,US,SEMPRA ENERGY,113.7904766,1,250,953
SREN,CH,SWISS RE AG,86.99444348,1,370.7070007,4271
STAN,GB,STANDARD CHARTERED PLC,7.550068792,1,3281.591064,-3197
STL,NO,STATOIL ASA,17.22046604,1,3206.946045,-1119.343018
STZ,US,CONSTELLATION BRANDS INC,165.4749326,1,200.5010071,1134.599976
SU,CA,SUNCOR ENERGY INC,21.24863276,1.298699975,1664.380981,-2872
SU,FR,SCHNEIDER ELECTRIC SE,65.48230571,0.900129974,588.8809814,1497
SWED A,SE,SWEDBANK AB,2.494407558,8.472700119,1110.732056,18322
SYK,US,STRYKER CORP,119.8239472,1,374,1605
SYNN,CH,SYNGENTA AG,388.3471043,1,91.90699768,1182
SYY,US,SYSCO CORP,50.61102783,1,564.9520264,806.9810181
T,US,AT&T INC,43.23926014,1,6151.833984,14211
TD,US,TORONTO-DOMINION BANK/THE,32.898599,1.298699975,1853.5,8266
TEF,ES,TELEFONICA SA,10.44142959,0.900129974,4975.199219,293
TEL,NO,TELENOR ASA,1.965080045,8.367950439,1501.458008,1472
TEVA,IL,TEVA PHARMACEUTICAL INDUSTRIES LTD,50.24538585,1,907.6630249,1493
TGT,US,TARGET CORP,69.31310399,1,593.5839844,3360
TJX,US,TJX COS INC/THE,77.23006017,1,661.0830078,2311.403076
TLKM,ID,TELEKOMUNIKASI INDONESIA PERSERO TBK PT,2.32E-05,13212.5,99062.21875,17968000
TLS,AU,TELSTRA CORP LTD,3.082639589,1.343000054,12225.65625,5780
TMO,US,THERMO FISHER SCIENTIFIC INC,147.760099,1,393.5119934,1992.5
TMUS,US,T-MOBILE US INC,43.24268349,1,822.7050171,1139
TRI,US,THOMSON REUTERS CORP,40.6086756,1,745.6129761,1287
TRP,US,TRANSCANADA CORP,39.39953013,1.298699975,703,-1343
TRV,US,TRAVELERS COS INC/THE,120.7307029,1,288.2999878,3149
TSLA,US,TESLA MOTORS INC,211.2210976,1,148.0149994,-1125.709961
TSN,US,TYSON FOODS INC,72.64724451,1,370,1494
TWX,US,TIME WARNER INC,74.1428736,1,780,4058
TXN,US,TEXAS INSTRUMENTS INC,62.70488298,1,1003.348022,3081
UBSG,CH,UBS GROUP AG,13.75808109,0.97420001,3706.519043,4758
UL,NL,UNIBAIL-RODAMCO SE,288.9498238,0.900129974,98.96399689,2594.800049
ULVR,GB,UNILEVER PLC,55.62446258,0.900129974,2838.800049,4932
UNA,NL,UNILEVER NV,55.62446258,0.900129974,2838.800049,4932
UNH,US,UNITEDHEALTH GROUP INC,141.1709221,1,951,6180
UNP,US,UNION PACIFIC CORP,87.97851685,1,834.0700073,4375
UNVR,ID,UNILEVER INDONESIA TBK PT,0.000258206,13212.5,7630,6219372
UPS,US,UNITED PARCEL SERVICE INC,108.1696441,1,879,4988
USB,US,US BANCORP,40.50958182,1,1718.75,5873
UTX,US,UNITED TECHNOLOGIES CORP,102.5424893,1,836.927002,7204
V,US,VISA INC,74.85761612,1,2363,5572
VALE5,BR,VALE SA,1.478351032,3.203749895,5153.375,-29921.26758
VFC,US,VF CORP,61.49195532,1,417.0050049,1203.152954
VIV,FR,VIVENDI SA,21.25611984,0.900129974,1257.75,852
VLO,US,VALERO ENERGY CORP,51.82700116,1,462.3059998,2984
VMW,US,VMWARE INC,57.015823,1,425.7919922,1055
VOD,GB,VODAFONE GROUP PLC,#DIV/0!,0.900129974,,
VOW3,DE,VOLKSWAGEN AG,143.2563452,0.900129974,501.2950134,-3454
VTR,US,VENTAS INC,72.19592097,1,341.0549927,439.7219849
VZ,US,VERIZON COMMUNICATIONS INC,55.83981201,1,4076.302002,14441
WALMEX *,MX,WAL-MART DE MEXICO SAB DE CV,0.129004852,18.44924927,17461.40234,27295.45508
WBA,US,WALGREENS BOOTS ALLIANCE INC,83.15020894,1,1081.802002,3169
WBC,AU,WESTPAC BANKING CORP,16.34489014,1.343000054,3326.672119,8104
WES,AU,WESFARMERS LTD,22.23270787,1.343000054,1126.130981,407
WFC,US,WELLS FARGO & CO,47.59769563,1,5048.494141,22391
WM,US,WASTE MANAGEMENT INC,66.64799907,1,441.7420044,1153
WMT,US,WAL-MART STORES INC,72.82481501,1,3125,14432
WPP,GB,WPP PLC,26.81659414,0.748049974,1330.032959,839.7999878
XOM,US,EXXON MOBIL CORP,93.73121384,1,4147,10530
YHOO,US,YAHOO! INC,37.52713573,1,950.7509766,-4897.871094
YUM,US,YUM! BRANDS INC,84.67415609,1,399,1426
Z74,SG,SINGAPORE TELECOMMUNICATIONS LTD,2.2799561,1.345900059,15943.5,3873.5
ZBH,US,ZIMMER BIOMET HOLDINGS INC,120.3672031,1,199.6999969,202.5
ZTS,US,ZOETIS INC,47.43947939,1,496.4169922,378
ZURN,CH,ZURICH INSURANCE GROUP AG,247.7206272,1,149.322998,1396